Name,Link
,https://m.media-amazon.com/images/G/31/social_share/amazon_logo._CB633266945_.png
,https://m.media-amazon.com/images/G/31/gno/sprites/nav-sprite-global-1x-hm-dsk-reorg._CB405936311_.png
"Big Savings, More Happiness",https://m.media-amazon.com/images/G/31/IN-Events/MayArt23/May23ART/SWM_400x39_starts4May._CB590991893_.jpg
Electronics under 1999,https://m.media-amazon.com/images/I/41FBwjCnS2L._SX1500_.jpg
ACs,https://images-eu.ssl-images-amazon.com/images/G/31/IMG15/Irfan/GATEWAY/MSO/Appliances-QC-PC-186x116--B08RDL6H79._SY116_CB667322346_.jpg
Refrigerators,https://images-eu.ssl-images-amazon.com/images/G/31/IMG15/Irfan/GATEWAY/MSO/Appliances-QC-PC-186x116--B08345R1ZW._SY116_CB667322346_.jpg
Microwaves,https://images-eu.ssl-images-amazon.com/images/G/31/IMG15/Irfan/GATEWAY/MSO/Appliances-QC-PC-186x116--B07G5J5FYP._SY116_CB667322346_.jpg
Washing machines,https://images-eu.ssl-images-amazon.com/images/G/31/IMG15/Irfan/GATEWAY/MSO/186x116---wm._SY116_CB667322346_.jpg
Starting ₹149 | Choppers & more,https://images-eu.ssl-images-amazon.com/images/G/31/home_private_label/moritika/baugwsept/xcm_banners_tile2-kitchen_186x116_in-en._SY116_CB612501062_.jpg
Starting ₹79 | String lights  & more,https://images-eu.ssl-images-amazon.com/images/G/31/img22/AmazonBrands/Bikram/Bikram1/home_186._SY116_CB592083129_.jpg
Starting ₹239 | Kitchen storage & containers,https://images-eu.ssl-images-amazon.com/images/G/31/img22/AmazonBrands/Bikram/Bikram1/kitchen186._SY116_CB592083129_.jpg
Starting ₹189 | Wall stickers & more,https://images-eu.ssl-images-amazon.com/images/G/31/home_private_label/moritika/baugwsept/xcm_banners_tile4-home_186x116_in-en._SY116_CB612501080_.jpg
"OnePlus Nord CE 3 Lite 5G | ₹19,999",https://images-eu.ssl-images-amazon.com/images/G/31/img22/Wireless/Meghana/iQOO/GW/D78091548_MayART_Central-Latest-Launches-Page_DEsign-SIM_PC_QuadCard_186X116_1._SY116_CB591041374_.jpg
"Samsung M14 5G | ₹14,990",https://images-eu.ssl-images-amazon.com/images/G/31/img22/Wireless/Meghana/iQOO/GW/D78091548_MayART_Central-Latest-Launches-Page_DEsign-SIM_PC_QuadCard_186X116_2._SY116_CB591041374_.jpg
"Realme narzo N55 | ₹10,999",https://images-eu.ssl-images-amazon.com/images/G/31/img22/Wireless/Meghana/iQOO/GW/D78091548_MayART_Central-Latest-Launches-Page_DEsign-SIM_PC_QuadCard_186X116_3._SY116_CB591041374_.jpg
Explore all new launches,https://images-eu.ssl-images-amazon.com/images/G/31/img22/Wireless/Meghana/iQOO/GW/D78091548_MayART_Central-Latest-Launches-Page_DEsign-SIM_PC_QuadCard_186X116_4._SY116_CB591041374_.jpg
Get up to 10% off* on flight tickets,https://images-eu.ssl-images-amazon.com/images/G/31/APAYMOVIE/travelQC/Flight_186x116._SY116_CB618818544_.jpg
Zero gateway fees on trains,https://images-eu.ssl-images-amazon.com/images/G/31/img23/AmazonPay/Travel/Train_186x116._SY116_CB591782866_.jpg
Guaranteed rewards on bus tickets,https://images-eu.ssl-images-amazon.com/images/G/31/APAYMOVIE/travelQC/Bus_186x116._SY116_CB618818544_.jpg
Products for your travel needs,https://images-eu.ssl-images-amazon.com/images/G/31/APAYMOVIE/travelQC/Accessory_186x116._SY116_CB618818544_.jpg
Clothing,https://images-eu.ssl-images-amazon.com/images/G/31/img22/Fashion/Gateway/BAU/BTF-Refresh/May/PF_MF/MF-1-186-116._SY116_CB636110853_.jpg
Footwear,https://images-eu.ssl-images-amazon.com/images/G/31/img22/Fashion/Gateway/BAU/BTF-Refresh/May/PF_MF/MF-2-186-116._SY116_CB636110853_.jpg
Watches,https://images-eu.ssl-images-amazon.com/images/G/31/img22/Fashion/Gateway/BAU/BTF-Refresh/May/PF_MF/MF-3-186-116._SY116_CB636110853_.jpg
BAGS & LUGGAGE,https://images-eu.ssl-images-amazon.com/images/G/31/img22/Fashion/Gateway/BAU/BTF-Refresh/May/PF_MF/MF-4-186-116._SY116_CB636110853_.jpg
Up to 70% off | Electronics clearance store,https://images-eu.ssl-images-amazon.com/images/G/31/img22/Electronics/Clearance/Clearance_store_Desktop_CC_1x._SY304_CB628315133_.jpg
"Diapers, wipes & more",https://images-eu.ssl-images-amazon.com/images/G/31/img21/AmazonBrands/GW_CPB_/QC_CC/PC_QC_diaper_186x116._SY116_CB620365328_.jpg
Soft toys,https://images-eu.ssl-images-amazon.com/images/G/31/img21/AmazonBrands/GW_CPB_/QC_CC/PC_QC_Teddy_186x116._SY116_CB620365328_.jpg
Indoor games,https://images-eu.ssl-images-amazon.com/images/G/31/img21/AmazonBrands/GW_CPB_/QC_CC/PC_QC_indoor_game_186x116._SY116_CB620365328_.jpg
Outdoor & more,https://images-eu.ssl-images-amazon.com/images/G/31/img21/AmazonBrands/GW_CPB_/QC_CC/PC_QC_rideon_372X232._SY116_CB620365328_.jpg
Cleaning accessories,https://images-eu.ssl-images-amazon.com/images/G/31/img17/Auto/2020/GW/PCQC/Glasscare1X._SY116_CB410830553_.jpg
Tyre & rim care,https://images-eu.ssl-images-amazon.com/images/G/31/img17/Auto/2020/GW/PCQC/Rim_tyrecare1x._SY116_CB410830552_.jpg
Helmets,https://images-eu.ssl-images-amazon.com/images/G/31/img17/Auto/2020/GW/PCQC/Vega_helmet_186x116._SY116_CB405090404_.jpg
Vacuum cleaner,https://images-eu.ssl-images-amazon.com/images/G/31/img17/Auto/2020/GW/PCQC/Vaccum1x._SY116_CB410830552_.jpg
Women's Clothing,https://images-eu.ssl-images-amazon.com/images/G/31/img22/Fashion/Gateway/BAU/BTF-Refresh/May/PC_WF/WF1-186-116._SY116_CB636048992_.jpg
Footwear+Handbags,https://images-eu.ssl-images-amazon.com/images/G/31/img22/Fashion/Gateway/BAU/BTF-Refresh/May/PC_WF/WF2-186-116._SY116_CB636048992_.jpg
Watches,https://images-eu.ssl-images-amazon.com/images/G/31/img22/Fashion/Gateway/BAU/BTF-Refresh/May/PC_WF/WF4-186-116._SY116_CB636048992_.jpg
Fashion jewellery,https://images-eu.ssl-images-amazon.com/images/G/31/img22/Fashion/Gateway/BAU/BTF-Refresh/May/PC_WF/WF3-186-116._SY116_CB636048992_.jpg
Samsung Galaxy M14 5G,https://m.media-amazon.com/images/I/41eW+ZpbDTL._AC_SY200_.jpg
Bestselling True Wireless from Boult,https://m.media-amazon.com/images/I/31wsNTDExQL._AC_SY200_.jpg
Charging Solution from URBN - Last Day Offer,https://m.media-amazon.com/images/I/3198YtzLArL._AC_SY200_.jpg
Apple Airpods starting Rs. 11999,https://m.media-amazon.com/images/I/31Ri-FAMBUL._AC_SY200_.jpg
Never before prices on Mivi Headsets,https://m.media-amazon.com/images/I/31K3PaZ2ytL._AC_SY200_.jpg
Deal of the Day on Nobel Hygiene,https://m.media-amazon.com/images/I/515TGoW6xRL._AC_SY200_.jpg
Dry Fruits and Seeds,https://m.media-amazon.com/images/I/41-uUmseGIL._AC_SY200_.jpg
SINGLA ID CARDS PVC Big Chip SLE4428/ISSI 4428 Contact IC Card for Inkjet Printers -Pack of 50,https://m.media-amazon.com/images/I/51xvScs5XKL._AC_SY200_.jpg
3M 9513 Respirator KN95 with Comfortable 3D Design & 3M™ Advanced Electrostatic Media certified to filter at least 95%...,https://m.media-amazon.com/images/I/51shfP632ML._AC_SY200_.jpg
"Fixodent Original Denture Adhesive Cream-2.4 oz, 4 pk",https://m.media-amazon.com/images/I/71stqxVtynL._AC_SY200_.jpg
"Careview 3 Ply Disposable Surgical Face Mask Box with FABRIC Earloop and built in Nose Pin, Certified by BFE>99% and PFE...",https://m.media-amazon.com/images/I/516jBW2zC4S._AC_SY200_.jpg
"Romsons Nonwoven Fabric Disposable Mask 6 Layer Protection Face Mask with Elastic Ear loop (White, Pack of 50, Without...",https://m.media-amazon.com/images/I/61d03LeomyL._AC_SY200_.jpg
"ProQ Black Mask | Mask Pack of 100 | Black Surgical Mask | Black Mask For Men & Women | 3ply Mask With Nose, Nonwoven...",https://m.media-amazon.com/images/I/71qoFjuuT7S._AC_SY200_.jpg
Beco Bamboo Super Soft Facial Tissue Box 800 sheets 400 Pulls 2 ply 100% Natural and Ecofriendly (Pack of 4),https://m.media-amazon.com/images/I/51xH9sG35NL._AC_SY200_.jpg
"Manna Millets 5Kg Combo Pack of 10 | Natural Grains | Unpolished Millets | Siridhanya | Little, Kodo, Foxtail, Proso,...",https://m.media-amazon.com/images/I/81U3UQ3IAaS._AC_SY200_.jpg
Figaro Olive Oil - Pure Olive Oil 1 Lit Tin,https://m.media-amazon.com/images/I/61m2fcksJwL._AC_SY200_.jpg
"Nescafe Classic Coffee Jar, 200 g with Free Red Mug and Scoop Spoon",https://m.media-amazon.com/images/I/71ehfHfPCzL._AC_SY200_.jpg
"Aashirvaad Select Sharbati Atta, 10kg",https://m.media-amazon.com/images/I/813vskmZtnL._AC_SY200_.jpg
"Mala's Fruit Mocktail Syrup, Blue Curacao Mocktail, 750ml",https://m.media-amazon.com/images/I/714f5W-7aSL._AC_SY200_.jpg
"Kinder Joy Milk Chocolates for Boys, 20g [Pack of 24]",https://m.media-amazon.com/images/I/617U0ERYL8L._AC_SY200_.jpg
"Coke Zero Sugar Cold drink | Soft Drink with No Calories | Zero Sugar Drink | Recyclable Can, 300 ml (Pack of 6)",https://m.media-amazon.com/images/I/71CrCKPIZdL._AC_SY200_.jpg
Start Selling on Amazon,https://images-eu.ssl-images-amazon.com/images/G/31/img16/malar/March23/LR_379X304._SY304_CB595115209_.jpg
Bed linen,https://images-eu.ssl-images-amazon.com/images/G/31/cross-site/1_1x_OLAD._SY116_CB627737355_.jpg
Men’s shoes,https://images-eu.ssl-images-amazon.com/images/G/31/cross-site/2_1x_UNWHJ._SY116_CB627737355_.jpg
Women’s shoes,https://images-eu.ssl-images-amazon.com/images/G/31/cross-site/3_1x_QWED._SY116_CB627737354_.jpg
Office furniture,https://images-eu.ssl-images-amazon.com/images/G/31/cross-site/4_1x_LKASD._SY116_CB627737354_.jpg
Cleaning accessories,https://images-eu.ssl-images-amazon.com/images/G/31/img18/HomeImprovement/GW/186x116_1a._SY116_CB610512345_.jpg
Power & Hand tools,https://images-eu.ssl-images-amazon.com/images/G/31/img18/HomeImprovement/GW/186x116_2b._SY116_CB610512345_.jpg
Bathroom accessories,https://images-eu.ssl-images-amazon.com/images/G/31/img18/HomeImprovement/GW/186x116_3c._SY116_CB610512345_.jpg
Wallpaper,https://images-eu.ssl-images-amazon.com/images/G/31/img18/HomeImprovement/GW/186x116._SY116_CB610509523_.jpg
Samsung Phone,https://images-eu.ssl-images-amazon.com/images/G/31/img23/Wireless/Samsung/ASCENT-MayART23/D78738739_IN_WLME_Samsung-ASCENT-MayART_PC_QuadCard_186x116._SY116_CB592407901_.jpg
Mamypoko,https://images-eu.ssl-images-amazon.com/images/G/31/img21/PC_QuadCard_186x116_-_May23._SY116_CB592260304_.jpg
Samsung Tv,https://images-eu.ssl-images-amazon.com/images/G/31/IMG23/TVs/Sabeer/MAY_ART_Teaser/PC_QuadCard_186X116._SY116_CB592187410_.jpg
Godrej,https://images-eu.ssl-images-amazon.com/images/G/31/IMG15/GodrejPC_QuadCard_2x._SY116_CB590527824_.jpg
LAPSTER Spiral Charger Spiral Charger Cable Protectors for Wires Data Cable Saver Charging Cord Protective Cable Cover...,https://m.media-amazon.com/images/I/61m5Uu4OMJL._AC_SY200_.jpg
"STRIFF Mpad Mouse Mat 230X190X3mm Gaming Mouse Pad, Non-Slip Rubber Base, Waterproof Surface, Premium-Textured,...",https://m.media-amazon.com/images/I/61zroMjd9FL._AC_SY200_.jpg
"Logitech B170 Wireless Mouse, 2.4 GHz with USB Nano Receiver, Optical Tracking, 12-Months Battery Life, Ambidextrous,...",https://m.media-amazon.com/images/I/516LU0H963L._AC_SY200_.jpg
SanDisk Cruzer Blade 64GB USB 2.0 Flash Drive,https://m.media-amazon.com/images/I/61lfthIflfL._AC_SY200_.jpg
Lapster 5-in-1 Multi-Function Laptop Cleaning Brush/Keyboard Cleaning kit/Gadget Cleaning kit Gap Duster Key-Cap Puller...,https://m.media-amazon.com/images/I/51+UotA4ExL._AC_SY200_.jpg
SanDisk Cruzer Blade 32GB USB Flash Drive,https://m.media-amazon.com/images/I/61MtY773MtL._AC_SY200_.jpg
"Portronics Toad 23 Wireless Optical Mouse with 2.4GHz, USB Nano Dongle, Optical Orientation, Click Wheel, Adjustable...",https://m.media-amazon.com/images/I/41KuRShR97L._AC_SY200_.jpg
Games & puzzles | Starting ₹99,https://images-eu.ssl-images-amazon.com/images/G/31/img22/Toys/STL23/GW/GAMESPUZZLES-1x._SY116_CB592685169_.jpg
STEM toys | Starting ₹120,https://images-eu.ssl-images-amazon.com/images/G/31/img22/Toys/STL23/GW/STEM-1x._SY116_CB592685169_.jpg
Sports & outdoor toys | Starting ₹175,https://images-eu.ssl-images-amazon.com/images/G/31/img22/Toys/STL23/GW/OUTDOOR-1x._SY116_CB592685169_.jpg
Soft toys | Starting ₹99,https://images-eu.ssl-images-amazon.com/images/G/31/img22/Toys/STL23/GW/TEDDY-1x._SY116_CB592685169_.jpg
Up to 70% off | Sofa covers & more,https://images-eu.ssl-images-amazon.com/images/G/31/img22/AmazonBrands/Bikram/Bikram1/sofa_186._SY116_CB592080532_.jpg
Up to 55% off | Water bottles & more,https://images-eu.ssl-images-amazon.com/images/G/31/img22/AmazonBrands/Bikram/Bikram1/solimo_bottle_1861._SY116_CB592079644_.jpg
Up to 70% off | Adult & kids cycles,https://images-eu.ssl-images-amazon.com/images/G/31/img22/AmazonBrands/Bikram/Bikram1/cycle_186._SY116_CB592080532_.jpg
Up to 70% off | Explore all launches,https://images-eu.ssl-images-amazon.com/images/G/31/img22/AmazonBrands/Bikram/Bikram1/xcm_banners_bibs_186x116_in-en._SY116_CB592080532_.jpg
Rafta Rafta,https://images-eu.ssl-images-amazon.com/images/G/31/img17/Home/AmazonTV/Ravina/Desktop/DeskCC-GuturGu379x304_V4._SY304_CB591872322_.jpg
Up to 35% off | Business & economics,https://images-eu.ssl-images-amazon.com/images/G/31/img21/Books/gateway/books1-1x._SY116_CB613275455_.jpg
Up to 30% off | First book in series,https://images-eu.ssl-images-amazon.com/images/G/31/img21/Books/gateway/books2-1x._SY116_CB613275455_.jpg
Up to 30% off | Literature & fiction,https://images-eu.ssl-images-amazon.com/images/G/31/img21/Books/gateway/books3-1x._SY116_CB613275455_.jpg
Up to 35% off | Top deals on books,https://images-eu.ssl-images-amazon.com/images/G/31/img21/Books/gateway/books4-1x._SY116_CB613275455_.jpg
"Sanyasi Sehat Tablet - Ayurvedic Medicine For Weight Gain, 120Tab (2*60 Tab.)",https://m.media-amazon.com/images/I/715Qw286tjL._AC_SY200_.jpg
"Nestlé NANGROW, Nutritious Milk Drink for Growing Children, Creamy Vanilla, 400g , 2-6 Years",https://m.media-amazon.com/images/I/716ARFoYQtL._AC_SY200_.jpg
"Cadbury Bournvita Chocolate Health Drink, 2 kg",https://m.media-amazon.com/images/I/71foBxdA7tL._AC_SY200_.jpg
"MuscleBlaze Creatine Monohydrate, India's Only Labdoor USA Certified Creatine (Unflavoured powder, Pack of 100 g / 0.22...",https://m.media-amazon.com/images/I/61n2HWi--wL._AC_SY200_.jpg
"Herbalife Nutrition Shake Mix Vanilla Flavour Weightloss Package (Formula one vanilla shake 500gm, PPP 200gm, Afresh...",https://m.media-amazon.com/images/I/41JB6NyI+YL._AC_SY200_.jpg
"MuscleBlaze Beginner's Whey Protein (Chocolate, 1 kg / 2.2 lb) No Added Sugar, Faster Muscle Recovery & Improved Strength",https://m.media-amazon.com/images/I/61kakn7F+rL._AC_SY200_.jpg
"MuscleBlaze Weight Gainer Powder with Added Digezyme (Chocolate, Pack of 1 kg / 2.2 lb)",https://m.media-amazon.com/images/I/61VN1JtjMQL._AC_SY200_.jpg
Jockey 1406 Women's High Coverage Super Combed Cotton Mid Waist Hipster with Concealed Waistband and StayFresh Treatment...,https://m.media-amazon.com/images/I/81Nu+DmgfpL._AC_SY200_.jpg
Allen Solly Men's Regular Fit Polo,https://m.media-amazon.com/images/I/71WmwSot-vL._AC_SY200_.jpg
Van Heusen Men's Regular Fit Polo Shirt,https://m.media-amazon.com/images/I/71ISzvgAl2L._AC_SY200_.jpg
Amazon Brand - Symbol Men's Regular Polo Shirt,https://m.media-amazon.com/images/I/51K0XmUVDPL._AC_SY200_.jpg
KOTTY Women Polyester Blend Green Solid Trousers,https://m.media-amazon.com/images/I/511hgf-vYOL._AC_SY200_.jpg
Jockey 8037 Men's Super Combed Cotton Solid Brief with Ultrasoft Waistband (Pack of 2),https://m.media-amazon.com/images/I/61627S-MubL._AC_SY200_.jpg
"SWAGR 5 Pairs Solid Ankle Socks for Men & Women, Multicolor, Pack of 5, Free Size",https://m.media-amazon.com/images/I/91Wl5xcJ+GL._AC_SY200_.jpg
Starting ₹99 | Start your fitness journey,https://images-eu.ssl-images-amazon.com/images/G/31/img19/Sports/GW_Desktop/1199101_379x304_Compressed._SY304_CB448278349_.jpg
Smartwatches & fitness trackers,https://images-eu.ssl-images-amazon.com/images/G/31/img21/PC/Computers/GW/DBQC/D21343116_IN_CEPC_BAU_GW_graphics_March21_dbqc0.5x_5._SY116_CB655805757_.jpg
Tablets,https://images-eu.ssl-images-amazon.com/images/G/31/img21/PC/Computers/GW/DBQC/D21343116_IN_CEPC_BAU_GW_graphics_March21_dbqc0.5x_6._SY116_CB655805757_.jpg
Laptops,https://images-eu.ssl-images-amazon.com/images/G/31/img21/PC/Computers/GW/DBQC/D21343116_IN_CEPC_BAU_GW_graphics_March21_dbqc0.5x_7._SY116_CB655805757_.jpg
Monitors,https://images-eu.ssl-images-amazon.com/images/G/31/img21/PC/Computers/GW/DBQC/D21343116_IN_CEPC_BAU_GW_graphics_March21_dbqc0.5x_8._SY116_CB655805757_.jpg
Gardening essentials,https://images-eu.ssl-images-amazon.com/images/G/31/img18/Lawn_Garden/Ud/MSO_May/compressed_379x304_compressed._SY304_CB592193370_.jpg
Cleaning accessories,https://images-eu.ssl-images-amazon.com/images/G/31/img18/HomeImprovement/GW/186x116_1a._SY116_CB610512345_.jpg
Power & Hand tools,https://images-eu.ssl-images-amazon.com/images/G/31/img18/HomeImprovement/GW/186x116_2b._SY116_CB610512345_.jpg
Bathroom accessories,https://images-eu.ssl-images-amazon.com/images/G/31/img18/HomeImprovement/GW/186x116_3c._SY116_CB610512345_.jpg
Wallpaper,https://images-eu.ssl-images-amazon.com/images/G/31/img18/HomeImprovement/GW/186x116._SY116_CB610509523_.jpg
"Boldfit Adjustable Hand Grip Strengthener, Hand Gripper for Men & Women for Gym Workout Hand Exercise Equipment to Use...",https://m.media-amazon.com/images/I/61+QXJBgIgL._AC_SY200_.jpg
Boldfit Yoga Mats For Women yoga mat for men Exercise mat for home workout yoga mat for women gym mat Anti Slip Yoga mat...,https://m.media-amazon.com/images/I/81qhmZ4xXRL._AC_SY200_.jpg
"boAt Xtend Smartwatch with Alexa Built-in, 1.69” HD Display, Multiple Watch Faces, Stress Monitor, Heart & SpO2...",https://m.media-amazon.com/images/I/617ysOitciL._AC_SY200_.jpg
Yonex Mavis 350 Nylon Shuttlecock,https://m.media-amazon.com/images/I/71ohtjENEkL._AC_SY200_.jpg
Nivia Storm Football | Rubberized Moulded | Suitable for Hard Ground Without Grass | Training Ball | Soccer Ball | for...,https://m.media-amazon.com/images/I/61RpRYFb2wL._AC_SY200_.jpg
"Lifelong PVC Hex Dumbbells Pack of 2 (2kg-10kg) for Home Gym Equipment Fitness Barbell|Gym Exercise|Home Workout, Gym...",https://m.media-amazon.com/images/I/710SxepIfiL._AC_SY200_.jpg
"Yonex Mavis 200i Nylon Shuttle Cock, Pack of 6 (Yellow)",https://m.media-amazon.com/images/I/71y8qBTalZL._AC_SY200_.jpg
,https://m.media-amazon.com/images/G/31/personalization/ybh/loading-4x-gray._CB485916689_.gif
